repeated_times,Accuracy,Precision,Recall,F1,AUC,CV_list(AUC),Avg_Time_Sec
30,0.8847129008202833,0.8465952253019268,0.7551243197552838,0.7853156120914312,0.9240933564980042,"[np.float64(0.9242736584423115), np.float64(0.9383390676651151), np.float64(0.9243568326094219), np.float64(0.9418719211822661), np.float64(0.9289649744195199), np.float64(0.9375627240143369), np.float64(0.907721053583268), np.float64(0.943095189907576), np.float64(0.9337756876892354), np.float64(0.9297305572565829), np.float64(0.9260141040323067), np.float64(0.901803988070873), np.float64(0.9308328230251071), np.float64(0.8951410035747385), np.float64(0.9181467181467181), np.float64(0.9302355026589011), np.float64(0.9269963247577682), np.float64(0.9117335823218177), np.float64(0.9172840301488114), np.float64(0.9092636732590349), np.float64(0.9136015446948594), np.float64(0.9196649697303247), np.float64(0.9218885047536733), np.float64(0.9227799227799227), np.float64(0.9363129906305394), np.float64(0.9149222488038277), np.float64(0.9395294441386901), np.float64(0.9210617747203114), np.float64(0.9314878633503146), np.float64(0.924408014571949)]",40.296552777290344
