repeated_times,Accuracy,Precision,Recall,F1,AUC,CV_list(AUC),Avg_Time_Sec
30,0.8661446681580911,0.7861245060999517,0.7603354145917783,0.7710598501957677,0.8906764973910926,"[np.float64(0.8924499130322748), np.float64(0.9014706874451865), np.float64(0.8721349816237889), np.float64(0.8930276619931793), np.float64(0.9085989767807949), np.float64(0.9036200716845878), np.float64(0.868874691097583), np.float64(0.9094987519395533), np.float64(0.8901951942279199), np.float64(0.8987446417636252), np.float64(0.878247242480863), np.float64(0.864335418981346), np.float64(0.907072872014697), np.float64(0.8586985303852773), np.float64(0.8939276939276939), np.float64(0.8974740440617879), np.float64(0.8879719345138657), np.float64(0.8824463118580765), np.float64(0.8767957224763254), np.float64(0.8838175610384591), np.float64(0.8832299316282604), np.float64(0.8848720418271877), np.float64(0.9080750709964194), np.float64(0.8753948753948753), np.float64(0.915864775892631), np.float64(0.8952153110047847), np.float64(0.8935745734727573), np.float64(0.8910777569314154), np.float64(0.9010713215462991), np.float64(0.9025163597112595)]",67.86165888309479
