repeated_times,Accuracy,Precision,Recall,F1,AUC,CV_list(AUC),Avg_Time_Sec
30,0.902212389380531,0.7795415705168747,0.7874987239499275,0.7776849224890104,0.9261170780666071,"[np.float64(0.9231341894658478), np.float64(0.9154911008569545), np.float64(0.9159810957465429), np.float64(0.9331679073614557), np.float64(0.923065923065923), np.float64(0.9154228855721394), np.float64(0.9306930693069307), np.float64(0.9133663366336634), np.float64(0.9121153846153847), np.float64(0.9610071301247771), np.float64(0.9516891300542621), np.float64(0.952891156462585), np.float64(0.8817910447761194), np.float64(0.9306061255086742), np.float64(0.8867590206185567), np.float64(0.9462316176470589), np.float64(0.9236828286364431), np.float64(0.9428157216494846), np.float64(0.9350455983621813), np.float64(0.9261333800105024), np.float64(0.9107142857142858), np.float64(0.92), np.float64(0.9588675213675214), np.float64(0.9094551282051282), np.float64(0.941435076150102), np.float64(0.91264023934181), np.float64(0.9308519437551696), np.float64(0.9294217687074829), np.float64(0.9249709639953542), np.float64(0.9240647682858738)]",21.128874882062277
