repeated_times,Accuracy,Precision,Recall,F1,AUC,CV_list(AUC),Avg_Time_Sec
30,0.5563012677106637,0.6373915102842107,0.7112946566325242,0.5386824220834977,0.8653261904059818,"[np.float64(0.8853958642015075), np.float64(0.8643999190447278), np.float64(0.8607083194119612), np.float64(0.8700644183402804), np.float64(0.8709497573133936), np.float64(0.8740860215053764), np.float64(0.8456392019769754), np.float64(0.8848411252782837), np.float64(0.8923532822263738), np.float64(0.8871402327005512), np.float64(0.8517268398529324), np.float64(0.8466463949476638), np.float64(0.8565829761175752), np.float64(0.8429763008076261), np.float64(0.8692172692172692), np.float64(0.875569764497341), np.float64(0.878082191780822), np.float64(0.8424525365701836), np.float64(0.8411389550988856), np.float64(0.8572440894157056), np.float64(0.842966573816156), np.float64(0.8528137039075399), np.float64(0.8796147672552167), np.float64(0.867953667953668), np.float64(0.8928209673335021), np.float64(0.868122009569378), np.float64(0.8687052834342324), np.float64(0.8836425543742618), np.float64(0.8342448306862451), np.float64(0.871685893543817)]",1.7191723267237344
