repeated_times,Accuracy,Precision,Recall,F1,AUC,CV_list(AUC),Avg_Time_Sec
30,0.8755162241887906,0.7062559155138385,0.6484013142453352,0.665523601509911,0.8141406041207031,"[np.float64(0.8200260562069607), np.float64(0.8183256427158867), np.float64(0.7594958865744792), np.float64(0.8190239867659223), np.float64(0.8125268125268126), np.float64(0.8037810945273631), np.float64(0.8675742574257426), np.float64(0.8607673267326733), np.float64(0.7975), np.float64(0.838903743315508), np.float64(0.8389637668475407), np.float64(0.8309523809523809), np.float64(0.7506467661691543), np.float64(0.8935532233883059), np.float64(0.8759664948453609), np.float64(0.7982536764705883), np.float64(0.7782251006476457), np.float64(0.7818943298969072), np.float64(0.7889447236180904), np.float64(0.8671451076492211), np.float64(0.8425324675324676), np.float64(0.7796153846153846), np.float64(0.8007478632478633), np.float64(0.8656517094017094), np.float64(0.8352959648296436), np.float64(0.7824981301421092), np.float64(0.7548387096774194), np.float64(0.7666666666666666), np.float64(0.8146341463414635), np.float64(0.7792667038898194)]",37.72530891895294
