repeated_times,Accuracy,Precision,Recall,F1,AUC,CV_list(AUC),Avg_Time_Sec
30,0.6370206489675515,0.611465846097905,0.756177213831206,0.5622548335503409,0.8444238808970077,"[np.float64(0.829145728643216), np.float64(0.8371786420566908), np.float64(0.8302117976544723), np.float64(0.8274607113316791), np.float64(0.8421278421278421), np.float64(0.8648756218905473), np.float64(0.8673679867986799), np.float64(0.8358085808580858), np.float64(0.8430769230769231), np.float64(0.8941622103386809), np.float64(0.8260108524417994), np.float64(0.8719387755102042), np.float64(0.804179104477612), np.float64(0.887127864639109), np.float64(0.8584085051546392), np.float64(0.8252144607843137), np.float64(0.8309119551899178), np.float64(0.8495489690721649), np.float64(0.8161176251628512), np.float64(0.8291615613513041), np.float64(0.8764430014430014), np.float64(0.8217307692307693), np.float64(0.857638888888889), np.float64(0.8563034188034189), np.float64(0.8599466164233003), np.float64(0.8382946896035901), np.float64(0.8524400330851943), np.float64(0.8156462585034013), np.float64(0.8599303135888502), np.float64(0.8243067187790806)]",0.9564805269241333
