repeated_times,Accuracy,Precision,Recall,F1,AUC,CV_list(AUC),Avg_Time_Sec
30,0.8629793510324483,0.7154187016170503,0.6510358290444778,0.6488416362830669,0.8510747532646434,"[np.float64(0.8470128419877163), np.float64(0.8429795649307844), np.float64(0.8410642394538771), np.float64(0.8403639371381306), np.float64(0.847990847990848), np.float64(0.8362189054726369), np.float64(0.864480198019802), np.float64(0.8826320132013201), np.float64(0.8132692307692309), np.float64(0.8910427807486632), np.float64(0.816383686329424), np.float64(0.8870748299319728), np.float64(0.8173134328358209), np.float64(0.8997644035125295), np.float64(0.8737113402061856), np.float64(0.8083639705882353), np.float64(0.8331874671801155), np.float64(0.865979381443299), np.float64(0.8367764749674298), np.float64(0.8856992823385261), np.float64(0.9188311688311688), np.float64(0.8209615384615385), np.float64(0.8157051282051282), np.float64(0.8733974358974359), np.float64(0.8732925105982101), np.float64(0.8366492146596859), np.float64(0.8598842018196857), np.float64(0.8450680272108844), np.float64(0.8378629500580721), np.float64(0.8192815931509398)]",11.12940218448639
